<ImportExportXml version="9.0.2.1710" SolutionPackageVersion="9.0" languagecode="1033" generatedBy="CrmLive" xmlns:xsi="http://www.w3.org/2001/XMLSchema-instance">
  <SolutionManifest>
    <UniqueName>ServiceRequestsBot</UniqueName>
    <LocalizedNames>
      <LocalizedName description="ServiceRequestsBot" languagecode="1033" />
    </LocalizedNames>
    <Descriptions />
    <Version>1.0</Version>
    <Managed>0</Managed>
    <Publisher>
      <UniqueName>ServiceRequestBot</UniqueName>
      <LocalizedNames>
        <LocalizedName description="Service Request Bot" languagecode="1033" />
      </LocalizedNames>
      <Descriptions />
      <EMailAddress xsi:nil="true"></EMailAddress>
      <SupportingWebsiteUrl xsi:nil="true"></SupportingWebsiteUrl>
      <CustomizationPrefix>bot</CustomizationPrefix>
      <CustomizationOptionValuePrefix>18053</CustomizationOptionValuePrefix>
      <Addresses>
        <Address>
          <AddressNumber>1</AddressNumber>
          <AddressTypeCode>1</AddressTypeCode>
          <City xsi:nil="true"></City>
          <County xsi:nil="true"></County>
          <Country xsi:nil="true"></Country>
          <Fax xsi:nil="true"></Fax>
          <FreightTermsCode xsi:nil="true"></FreightTermsCode>
          <ImportSequenceNumber xsi:nil="true"></ImportSequenceNumber>
          <Latitude xsi:nil="true"></Latitude>
          <Line1 xsi:nil="true"></Line1>
          <Line2 xsi:nil="true"></Line2>
          <Line3 xsi:nil="true"></Line3>
          <Longitude xsi:nil="true"></Longitude>
          <Name xsi:nil="true"></Name>
          <PostalCode xsi:nil="true"></PostalCode>
          <PostOfficeBox xsi:nil="true"></PostOfficeBox>
          <PrimaryContactName xsi:nil="true"></PrimaryContactName>
          <ShippingMethodCode>1</ShippingMethodCode>
          <StateOrProvince xsi:nil="true"></StateOrProvince>
          <Telephone1 xsi:nil="true"></Telephone1>
          <Telephone2 xsi:nil="true"></Telephone2>
          <Telephone3 xsi:nil="true"></Telephone3>
          <TimeZoneRuleVersionNumber xsi:nil="true"></TimeZoneRuleVersionNumber>
          <UPSZone xsi:nil="true"></UPSZone>
          <UTCOffset xsi:nil="true"></UTCOffset>
          <UTCConversionTimeZoneCode xsi:nil="true"></UTCConversionTimeZoneCode>
        </Address>
        <Address>
          <AddressNumber>2</AddressNumber>
          <AddressTypeCode>1</AddressTypeCode>
          <City xsi:nil="true"></City>
          <County xsi:nil="true"></County>
          <Country xsi:nil="true"></Country>
          <Fax xsi:nil="true"></Fax>
          <FreightTermsCode xsi:nil="true"></FreightTermsCode>
          <ImportSequenceNumber xsi:nil="true"></ImportSequenceNumber>
          <Latitude xsi:nil="true"></Latitude>
          <Line1 xsi:nil="true"></Line1>
          <Line2 xsi:nil="true"></Line2>
          <Line3 xsi:nil="true"></Line3>
          <Longitude xsi:nil="true"></Longitude>
          <Name xsi:nil="true"></Name>
          <PostalCode xsi:nil="true"></PostalCode>
          <PostOfficeBox xsi:nil="true"></PostOfficeBox>
          <PrimaryContactName xsi:nil="true"></PrimaryContactName>
          <ShippingMethodCode>1</ShippingMethodCode>
          <StateOrProvince xsi:nil="true"></StateOrProvince>
          <Telephone1 xsi:nil="true"></Telephone1>
          <Telephone2 xsi:nil="true"></Telephone2>
          <Telephone3 xsi:nil="true"></Telephone3>
          <TimeZoneRuleVersionNumber xsi:nil="true"></TimeZoneRuleVersionNumber>
          <UPSZone xsi:nil="true"></UPSZone>
          <UTCOffset xsi:nil="true"></UTCOffset>
          <UTCConversionTimeZoneCode xsi:nil="true"></UTCConversionTimeZoneCode>
        </Address>
      </Addresses>
    </Publisher>
    <RootComponents>
      <RootComponent type="1" schemaName="bot_alert" behavior="0" />
      <RootComponent type="1" schemaName="bot_botchannelprofile" behavior="0" />
      <RootComponent type="1" schemaName="bot_servicerequest" behavior="0" />
      <RootComponent type="29" id="{e5b7511f-9349-4f53-b523-e05ab6bef014}" behavior="0" />
      <RootComponent type="60" id="{3de8ee57-a946-4be1-bb6f-b0b3ea691a04}" behavior="0" />
      <RootComponent type="60" id="{4c54e8f4-aa8d-438d-86b3-14b1cce53b56}" behavior="0" />
      <RootComponent type="60" id="{5ed83076-62e9-4632-8dfb-b1f94a8d76d3}" behavior="0" />
      <RootComponent type="60" id="{e1881fb6-ad9c-408d-b2af-d86da0aaa32a}" behavior="0" />
    </RootComponents>
    <MissingDependencies>
      <MissingDependency>
        <Required key="0" type="1" schemaName="bot_botreponse" displayName="Bot Reponse" solution="Active" />
        <Dependent key="1" type="29" displayName="Create Bot Response" id="{e5b7511f-9349-4f53-b523-e05ab6bef014}" />
      </MissingDependency>
      <MissingDependency>
        <Required key="0" type="1" schemaName="bot_botreponse" displayName="Bot Reponse" solution="Active" />
        <Dependent key="2" type="60" displayName="Information" parentDisplayName="Bot Reponse" id="{4c54e8f4-aa8d-438d-86b3-14b1cce53b56}" />
      </MissingDependency>
      <MissingDependency>
        <Required key="0" type="1" schemaName="bot_botreponse" displayName="Bot Reponse" solution="Active" />
        <Dependent key="3" type="1" schemaName="bot_servicerequest" displayName="Service Request" />
      </MissingDependency>
      <MissingDependency>
        <Required key="4" type="2" schemaName="bot_conversationid" displayName="Conversation ID" parentSchemaName="bot_botreponse" parentDisplayName="Bot Reponse" solution="Active" />
        <Dependent key="2" type="60" displayName="Information" parentDisplayName="Bot Reponse" id="{4c54e8f4-aa8d-438d-86b3-14b1cce53b56}" />
      </MissingDependency>
      <MissingDependency>
        <Required key="5" type="2" schemaName="ownerid" displayName="Owner" parentSchemaName="bot_botreponse" parentDisplayName="Bot Reponse" solution="Active" />
        <Dependent key="2" type="60" displayName="Information" parentDisplayName="Bot Reponse" id="{4c54e8f4-aa8d-438d-86b3-14b1cce53b56}" />
      </MissingDependency>
      <MissingDependency>
        <Required key="6" type="2" schemaName="bot_recipientname" displayName="Recipient Name" parentSchemaName="bot_botreponse" parentDisplayName="Bot Reponse" solution="Active" />
        <Dependent key="2" type="60" displayName="Information" parentDisplayName="Bot Reponse" id="{4c54e8f4-aa8d-438d-86b3-14b1cce53b56}" />
      </MissingDependency>
      <MissingDependency>
        <Required key="7" type="2" schemaName="bot_channelid" displayName="Channel ID" parentSchemaName="bot_botreponse" parentDisplayName="Bot Reponse" solution="Active" />
        <Dependent key="1" type="29" displayName="Create Bot Response" id="{e5b7511f-9349-4f53-b523-e05ab6bef014}" />
      </MissingDependency>
      <MissingDependency>
        <Required key="8" type="2" schemaName="bot_recipientid" displayName="Recipient ID" parentSchemaName="bot_botreponse" parentDisplayName="Bot Reponse" solution="Active" />
        <Dependent key="2" type="60" displayName="Information" parentDisplayName="Bot Reponse" id="{4c54e8f4-aa8d-438d-86b3-14b1cce53b56}" />
      </MissingDependency>
      <MissingDependency>
        <Required key="9" type="2" schemaName="bot_fromname" displayName="From Name" parentSchemaName="bot_botreponse" parentDisplayName="Bot Reponse" solution="Active" />
        <Dependent key="2" type="60" displayName="Information" parentDisplayName="Bot Reponse" id="{4c54e8f4-aa8d-438d-86b3-14b1cce53b56}" />
      </MissingDependency>
      <MissingDependency>
        <Required key="10" type="2" schemaName="bot_name" displayName="Name" parentSchemaName="bot_botreponse" parentDisplayName="Bot Reponse" solution="Active" />
        <Dependent key="2" type="60" displayName="Information" parentDisplayName="Bot Reponse" id="{4c54e8f4-aa8d-438d-86b3-14b1cce53b56}" />
      </MissingDependency>
      <MissingDependency>
        <Required key="11" type="2" schemaName="bot_fromid" displayName="From ID" parentSchemaName="bot_botreponse" parentDisplayName="Bot Reponse" solution="Active" />
        <Dependent key="2" type="60" displayName="Information" parentDisplayName="Bot Reponse" id="{4c54e8f4-aa8d-438d-86b3-14b1cce53b56}" />
      </MissingDependency>
      <MissingDependency>
        <Required key="12" type="2" schemaName="bot_serviceurl" displayName="Service URL" parentSchemaName="bot_botreponse" parentDisplayName="Bot Reponse" solution="Active" />
        <Dependent key="2" type="60" displayName="Information" parentDisplayName="Bot Reponse" id="{4c54e8f4-aa8d-438d-86b3-14b1cce53b56}" />
      </MissingDependency>
      <MissingDependency>
        <Required key="7" type="2" schemaName="bot_channelid" displayName="Channel ID" parentSchemaName="bot_botreponse" parentDisplayName="Bot Reponse" solution="Active" />
        <Dependent key="2" type="60" displayName="Information" parentDisplayName="Bot Reponse" id="{4c54e8f4-aa8d-438d-86b3-14b1cce53b56}" />
      </MissingDependency>
      <MissingDependency>
        <Required key="9" type="2" schemaName="bot_fromname" displayName="From Name" parentSchemaName="bot_botreponse" parentDisplayName="Bot Reponse" solution="Active" />
        <Dependent key="1" type="29" displayName="Create Bot Response" id="{e5b7511f-9349-4f53-b523-e05ab6bef014}" />
      </MissingDependency>
      <MissingDependency>
        <Required key="6" type="2" schemaName="bot_recipientname" displayName="Recipient Name" parentSchemaName="bot_botreponse" parentDisplayName="Bot Reponse" solution="Active" />
        <Dependent key="1" type="29" displayName="Create Bot Response" id="{e5b7511f-9349-4f53-b523-e05ab6bef014}" />
      </MissingDependency>
      <MissingDependency>
        <Required key="12" type="2" schemaName="bot_serviceurl" displayName="Service URL" parentSchemaName="bot_botreponse" parentDisplayName="Bot Reponse" solution="Active" />
        <Dependent key="1" type="29" displayName="Create Bot Response" id="{e5b7511f-9349-4f53-b523-e05ab6bef014}" />
      </MissingDependency>
      <MissingDependency>
        <Required key="4" type="2" schemaName="bot_conversationid" displayName="Conversation ID" parentSchemaName="bot_botreponse" parentDisplayName="Bot Reponse" solution="Active" />
        <Dependent key="1" type="29" displayName="Create Bot Response" id="{e5b7511f-9349-4f53-b523-e05ab6bef014}" />
      </MissingDependency>
      <MissingDependency>
        <Required key="13" type="2" schemaName="bot_botreponseid" displayName="Bot Reponse" parentSchemaName="bot_botreponse" parentDisplayName="Bot Reponse" solution="Active" />
        <Dependent key="1" type="29" displayName="Create Bot Response" id="{e5b7511f-9349-4f53-b523-e05ab6bef014}" />
      </MissingDependency>
      <MissingDependency>
        <Required key="8" type="2" schemaName="bot_recipientid" displayName="Recipient ID" parentSchemaName="bot_botreponse" parentDisplayName="Bot Reponse" solution="Active" />
        <Dependent key="1" type="29" displayName="Create Bot Response" id="{e5b7511f-9349-4f53-b523-e05ab6bef014}" />
      </MissingDependency>
      <MissingDependency>
        <Required key="10" type="2" schemaName="bot_name" displayName="Name" parentSchemaName="bot_botreponse" parentDisplayName="Bot Reponse" solution="Active" />
        <Dependent key="1" type="29" displayName="Create Bot Response" id="{e5b7511f-9349-4f53-b523-e05ab6bef014}" />
      </MissingDependency>
      <MissingDependency>
        <Required key="11" type="2" schemaName="bot_fromid" displayName="From ID" parentSchemaName="bot_botreponse" parentDisplayName="Bot Reponse" solution="Active" />
        <Dependent key="1" type="29" displayName="Create Bot Response" id="{e5b7511f-9349-4f53-b523-e05ab6bef014}" />
      </MissingDependency>
    </MissingDependencies>
  </SolutionManifest>
</ImportExportXml>