{"name":"257bddd7-14a6-49ee-a5ee-2d180c653ed2","id":"/providers/Microsoft.Flow/flows/257bddd7-14a6-49ee-a5ee-2d180c653ed2","type":"Microsoft.Flow/flows","properties":{"apiId":"/providers/Microsoft.PowerApps/apis/shared_logicflows","displayName":"Copy Flow","definition":{"metadata":{"creator":{"id":"337328c5-1b6b-47ec-b760-9458e64e6aa4","type":"User","tenantId":"db73bd59-4978-4089-8693-1f5749dc4e57"},"provisioningMethod":"FromDefinition","failureAlertSubscription":true,"clientLastModifiedTime":"2018-09-14T15:02:40.5108614Z"},"$schema":"https://schema.management.azure.com/providers/Microsoft.Logic/schemas/2016-06-01/workflowdefinition.json#","contentVersion":"1.0.0.0","parameters":{"$connections":{"defaultValue":{},"type":"Object"},"$authentication":{"defaultValue":{},"type":"SecureObject"}},"triggers":{"When_a_record_is_updated":{"recurrence":{"interval":1,"frequency":"Minute"},"splitOn":"@triggerBody()?['value']","metadata":{"flowSystemMetadata":{"swaggerOperationId":"GetOnUpdatedItems"}},"type":"ApiConnection","inputs":{"host":{"api":{"runtimeUrl":"https://flow-apim-msmanaged-na-northcentralus-01.azure-apim.net/apim/dynamicscrmonline"},"connection":{"name":"@parameters('$connections')['shared_dynamicscrmonline']['connectionId']"}},"method":"get","path":"/datasets/@{encodeURIComponent(encodeURIComponent('TestCRM'))}/tables/@{encodeURIComponent(encodeURIComponent('bot_servicerequests'))}/onupdateditems","authentication":"@parameters('$authentication')"}}},"actions":{"Condition":{"actions":{"Get_record":{"runAfter":{},"metadata":{"flowSystemMetadata":{"swaggerOperationId":"GetItem"}},"type":"ApiConnection","inputs":{"host":{"api":{"runtimeUrl":"https://flow-apim-msmanaged-na-northcentralus-01.azure-apim.net/apim/dynamicscrmonline"},"connection":{"name":"@parameters('$connections')['shared_dynamicscrmonline']['connectionId']"}},"method":"get","path":"/datasets/@{encodeURIComponent(encodeURIComponent('TestCRM'))}/tables/@{encodeURIComponent(encodeURIComponent('bot_botchannelprofiles'))}/items/@{encodeURIComponent(encodeURIComponent(triggerBody()?['_bot_botchannelprofileid_value']))}","authentication":"@parameters('$authentication')"}},"Put_a_message_on_a_queue":{"runAfter":{"Get_record":["Succeeded"]},"metadata":{"flowSystemMetadata":{"swaggerOperationId":"PutMessage"}},"type":"ApiConnection","inputs":{"host":{"api":{"runtimeUrl":"https://flow-apim-msmanaged-na-eastus2-01.azure-apim.net/apim/azurequeues"},"connection":{"name":"@parameters('$connections')['shared_azurequeues']['connectionId']"}},"method":"post","body":"{\"alert\": \"Your request has been resolved\", \"channelid\": \"@{body('Get_record')?['bot_channelid']}\", \"conversationid\": \"@{body('Get_record')?['bot_conversationid']}\", \"fromid\": \"@{body('Get_record')?['bot_fromid']}\", \"fromname\" : \"@{body('Get_record')?['bot_fromname']}\", \"recipientid\": \"@{body('Get_record')?['bot_recipientid']}\", \"recipientname\": \"@{body('Get_record')?['bot_recipientname']}\", \"serviceurl\": \"@{body('Get_record')?['bot_serviceurl']}\"}","path":"/@{encodeURIComponent('TestQueue')}/messages","authentication":"@parameters('$authentication')"}}},"runAfter":{},"expression":"@equals(triggerBody()?['statuscode'], 180530002)","type":"If"}},"outputs":{}},"connectionReferences":{"shared_dynamicscrmonline":{"connectionName":"shared-dynamicscrmon-2a978e36-2d78-4411-9915-3e6736dd36cd","source":"Embedded","id":"/providers/Microsoft.PowerApps/apis/shared_dynamicscrmonline","tier":"NotSpecified"},"shared_azurequeues":{"connectionName":"shared-azurequeues-8483c158-25b4-45ce-891b-36f8b8016ec2","source":"Embedded","id":"/providers/Microsoft.PowerApps/apis/shared_azurequeues","tier":"NotSpecified"}},"flowFailureAlertSubscribed":false}}